run_id,mixed_precision,test_accuracy,test_loss,final_val_accuracy,best_val_accuracy
52,true,0.4431999921798706,8.771171569824219,0.4431999921798706,0.5235000252723694
