run_id,mixed_precision,test_accuracy,test_loss,final_val_accuracy,best_val_accuracy
3,true,0.4537999927997589,8.515247344970703,0.4537999927997589,0.5188000202178955
