run_id,mixed_precision,test_accuracy,test_loss,final_val_accuracy,best_val_accuracy
16,true,0.4424000084400177,8.766071319580078,0.4424000084400177,0.5371999740600586
