run_id,mixed_precision,test_accuracy,test_loss,final_val_accuracy,best_val_accuracy
26,true,0.4133000075817108,9.2754487991333,0.4133000075817108,0.5353999733924866
