run_id,mixed_precision,test_accuracy,test_loss,final_val_accuracy,best_val_accuracy
35,true,0.4415999948978424,8.740894317626953,0.4415999948978424,0.5192000269889832
