run_id,mixed_precision,test_accuracy,test_loss,final_val_accuracy,best_val_accuracy
4,true,0.41769999265670776,9.160137176513672,0.41769999265670776,0.5248000025749207
