run_id,mixed_precision,test_accuracy,test_loss,final_val_accuracy,best_val_accuracy
30,true,0.4422999918460846,8.83266830444336,0.4422999918460846,0.5264999866485596
