run_id,mixed_precision,test_accuracy,test_loss,final_val_accuracy,best_val_accuracy
33,true,0.45680001378059387,8.445318222045898,0.45680001378059387,0.5327000021934509
