run_id,mixed_precision,test_accuracy,test_loss,final_val_accuracy,best_val_accuracy
16,true,0.46799999475479126,8.32836627960205,0.46799999475479126,0.548799991607666
