run_id,mixed_precision,test_accuracy,test_loss,final_val_accuracy,best_val_accuracy
55,true,0.4505999982357025,8.556710243225098,0.4505999982357025,0.5475000143051147
