run_id,mixed_precision,test_accuracy,test_loss,final_val_accuracy,best_val_accuracy
14,true,0.4927999973297119,7.823077201843262,0.4927999973297119,0.5527999997138977
