run_id,mixed_precision,test_accuracy,test_loss,final_val_accuracy,best_val_accuracy
1,true,0.4415999948978424,8.816596984863281,0.4415999948978424,0.5394999980926514
