run_id,mixed_precision,test_accuracy,test_loss,final_val_accuracy,best_val_accuracy
1,true,0.4758000075817108,8.16203784942627,0.4758000075817108,0.5023000240325928
