run_id,mixed_precision,test_accuracy,test_loss,final_val_accuracy,best_val_accuracy
19,true,0.4560000002384186,8.463459014892578,0.4560000002384186,0.5407999753952026
