run_id,mixed_precision,test_accuracy,test_loss,final_val_accuracy,best_val_accuracy
12,true,0.4796999990940094,8.110770225524902,0.4796999990940094,0.5529000163078308
