run_id,mixed_precision,test_accuracy,test_loss,final_val_accuracy,best_val_accuracy
1,true,0.4645000100135803,8.401448249816895,0.4645000100135803,0.5299999713897705
