run_id,mixed_precision,test_accuracy,test_loss,final_val_accuracy,best_val_accuracy
4,true,0.4609000086784363,8.360370635986328,0.4609000086784363,0.5270000100135803
