run_id,mixed_precision,test_accuracy,test_loss,final_val_accuracy,best_val_accuracy
17,true,0.46869999170303345,8.311755180358887,0.46869999170303345,0.5236999988555908
