run_id,mixed_precision,test_accuracy,test_loss,final_val_accuracy,best_val_accuracy
3,true,0.47940000891685486,8.088170051574707,0.47940000891685486,0.5382999777793884
