run_id,mixed_precision,test_accuracy,test_loss,final_val_accuracy,best_val_accuracy
17,true,0.43720000982284546,8.748679161071777,0.43720000982284546,0.5557000041007996
