run_id,mixed_precision,test_accuracy,test_loss,final_val_accuracy,best_val_accuracy
1,true,0.4674000144004822,8.342385292053223,0.4674000144004822,0.5170000195503235
