run_id,mixed_precision,test_accuracy,test_loss,final_val_accuracy,best_val_accuracy
44,true,0.4625000059604645,8.407309532165527,0.4625000059604645,0.5253999829292297
