run_id,mixed_precision,test_accuracy,test_loss,final_val_accuracy,best_val_accuracy
0,false,0.47290000319480896,110.78258514404297,0.47290000319480896,0.5142999887466431
