run_id,mixed_precision,test_accuracy,test_loss,final_val_accuracy,best_val_accuracy
2,false,0.444599986076355,180.8756866455078,0.444599986076355,0.5153999924659729
