run_id,mixed_precision,test_accuracy,test_loss,final_val_accuracy,best_val_accuracy
14,false,0.4765999913215637,97.01069641113281,0.4765999913215637,0.5439000129699707
