run_id,mixed_precision,test_accuracy,test_loss,final_val_accuracy,best_val_accuracy
15,false,0.4772999882698059,92.93531799316406,0.4772999882698059,0.5418000221252441
