run_id,mixed_precision,test_accuracy,test_loss,final_val_accuracy,best_val_accuracy
15,false,0.4717000126838684,130.02020263671875,0.4717000126838684,0.5367000102996826
