run_id,mixed_precision,test_accuracy,test_loss,final_val_accuracy,best_val_accuracy
24,false,0.4562000036239624,136.64154052734375,0.4562000036239624,0.5249999761581421
