run_id,mixed_precision,test_accuracy,test_loss,final_val_accuracy,best_val_accuracy
7,false,0.4377000033855438,115.43710327148438,0.4377000033855438,0.5450999736785889
