run_id,mixed_precision,test_accuracy,test_loss,final_val_accuracy,best_val_accuracy
13,false,0.44110000133514404,207.65664672851562,0.44110000133514404,0.5188999772071838
