run_id,mixed_precision,test_accuracy,test_loss,final_val_accuracy,best_val_accuracy
6,false,0.41839998960494995,139.7115020751953,0.41839998960494995,0.5533000230789185
