run_id,mixed_precision,test_accuracy,test_loss,final_val_accuracy,best_val_accuracy
0,false,0.4526999890804291,157.38987731933594,0.4526999890804291,0.5475999712944031
