run_id,mixed_precision,test_accuracy,test_loss,final_val_accuracy,best_val_accuracy
11,false,0.47620001435279846,81.86326599121094,0.47620001435279846,0.5339000225067139
