run_id,mixed_precision,test_accuracy,test_loss,final_val_accuracy,best_val_accuracy
13,false,0.49140000343322754,84.58506774902344,0.49140000343322754,0.5554999709129333
