run_id,mixed_precision,test_accuracy,test_loss,final_val_accuracy,best_val_accuracy
6,false,0.44699999690055847,110.75637817382812,0.44699999690055847,0.5386999845504761
