run_id,mixed_precision,test_accuracy,test_loss,final_val_accuracy,best_val_accuracy
0,false,0.45320001244544983,79.8756103515625,0.45320001244544983,0.5608999729156494
