run_id,mixed_precision,test_accuracy,test_loss,final_val_accuracy,best_val_accuracy
0,false,0.4814999997615814,95.14181518554688,0.4814999997615814,0.5382000207901001
