run_id,mixed_precision,test_accuracy,test_loss,final_val_accuracy,best_val_accuracy
11,false,0.4952999949455261,63.421688079833984,0.4952999949455261,0.5605999827384949
