run_id,mixed_precision,test_accuracy,test_loss,final_val_accuracy,best_val_accuracy
7,false,0.4729999899864197,78.40861511230469,0.4729999899864197,0.5378000140190125
