run_id,mixed_precision,test_accuracy,test_loss,final_val_accuracy,best_val_accuracy
0,false,0.42730000615119934,300.5791320800781,0.42730000615119934,0.5317000150680542
