run_id,mixed_precision,test_accuracy,test_loss,final_val_accuracy,best_val_accuracy
2,false,0.4691999852657318,76.04000091552734,0.4691999852657318,0.5335999727249146
