run_id,mixed_precision,test_accuracy,test_loss,final_val_accuracy,best_val_accuracy
49,false,0.45980000495910645,188.1273193359375,0.45980000495910645,0.5134999752044678
